model,average_monthly_return,monthly_volatility,annualized_return,annualized_volatility,sharpe_ratio,final_value
OLS,0.006760,0.026172,0.084202,0.090664,0.9287,146850.71
FF,0.006745,0.026251,0.084011,0.090935,0.9239,146699.53
LASSO,0.006768,0.026657,0.084303,0.092342,0.9129,146806.37
BSS,0.005538,0.026318,0.068518,0.091170,0.7515,136494.01
